visit_id,ship_id,port_id,ETA,ATA,ETD,ATD,status,cargo_type_id
1,1,3,2026-01-01 15:22:00.000000,2026-01-01 16:05:00.000000,2026-01-28 11:45:00.000000,2026-01-28 13:36:00.000000,Odvezana,1
2,2,4,2026-01-01 06:21:00.000000,2026-01-01 08:54:00.000000,2026-01-20 09:13:00.000000,2026-01-20 14:07:00.000000,Odvezana,2
3,3,3,2026-01-01 07:20:00.000000,2026-01-01 07:47:00.000000,2026-01-12 02:54:00.000000,2026-01-12 04:30:00.000000,Odvezana,3
4,4,4,2026-01-02 11:09:00.000000,2026-01-02 12:36:00.000000,2026-01-27 05:56:00.000000,2026-01-27 06:26:00.000000,Odvezana,4
5,5,5,2026-01-02 10:26:00.000000,2026-01-02 13:22:00.000000,2026-01-28 14:29:00.000000,2026-01-28 14:46:00.000000,Odvezana,5
6,6,2,2026-01-02 02:06:00.000000,2026-01-02 05:30:00.000000,2026-01-11 17:21:00.000000,2026-01-11 23:28:00.000000,Odvezana,6
7,7,4,2026-01-03 07:43:00.000000,2026-01-03 10:57:00.000000,2026-01-28 11:29:00.000000,2026-01-28 12:32:00.000000,Odvezana,5
8,8,3,2026-01-03 11:50:00.000000,2026-01-03 18:48:00.000000,2026-01-06 17:25:00.000000,2026-01-06 21:31:00.000000,Odvezana,7
9,9,3,2026-01-03 16:39:00.000000,2026-01-03 17:00:00.000000,2026-02-01 10:33:00.000000,2026-02-01 11:04:00.000000,Odvezana,8
10,10,3,2026-01-04 23:52:00.000000,2026-01-05 04:07:00.000000,2026-02-03 22:29:00.000000,2026-02-03 23:11:00.000000,Odvezana,5
11,11,3,2026-01-04 00:30:00.000000,2026-01-04 03:35:00.000000,2026-01-11 22:31:00.000000,2026-01-12 05:20:00.000000,Odvezana,9
12,12,3,2026-01-04 18:13:00.000000,2026-01-04 20:12:00.000000,2026-01-24 12:39:00.000000,2026-01-24 19:31:00.000000,Odvezana,10
13,13,5,2026-01-04 17:22:00.000000,2026-01-04 21:20:00.000000,2026-01-28 01:22:00.000000,2026-01-28 03:05:00.000000,Odvezana,11
14,14,5,2026-01-04 09:35:00.000000,2026-01-04 09:42:00.000000,2026-01-21 17:30:00.000000,2026-01-21 23:53:00.000000,Stornirana,12
15,15,5,2026-01-04 03:50:00.000000,2026-01-04 09:46:00.000000,2026-01-07 05:41:00.000000,2026-01-07 06:56:00.000000,Odvezana,5
16,16,2,2026-01-04 13:27:00.000000,2026-01-04 20:02:00.000000,2026-01-10 17:48:00.000000,2026-01-10 19:42:00.000000,Odvezana,13
17,17,2,2026-01-05 03:12:00.000000,2026-01-05 06:38:00.000000,2026-01-23 08:50:00.000000,2026-01-23 14:51:00.000000,Odvezana,12
18,18,3,2026-01-05 11:05:00.000000,2026-01-05 12:15:00.000000,2026-02-02 01:54:00.000000,2026-02-02 07:43:00.000000,Odvezana,14
19,19,3,2026-01-05 06:20:00.000000,2026-01-05 10:06:00.000000,2026-01-10 20:39:00.000000,2026-01-10 23:15:00.000000,Odvezana,5
20,20,5,2026-01-05 02:54:00.000000,2026-01-05 04:31:00.000000,2026-01-27 11:07:00.000000,2026-01-27 14:50:00.000000,Odvezana,15
21,21,2,2026-01-05 20:51:00.000000,2026-01-06 03:35:00.000000,2026-01-09 12:26:00.000000,2026-01-09 15:57:00.000000,Odvezana,16
22,22,3,2026-01-06 19:26:00.000000,2026-01-06 23:06:00.000000,2026-01-09 19:34:00.000000,2026-01-09 20:52:00.000000,Odvezana,17
23,23,5,2026-01-06 12:04:00.000000,2026-01-06 12:32:00.000000,2026-02-01 01:34:00.000000,2026-02-01 05:42:00.000000,Odvezana,8
24,24,3,2026-01-07 04:45:00.000000,2026-01-07 07:53:00.000000,2026-01-09 11:14:00.000000,2026-01-09 11:36:00.000000,Odvezana,7
25,25,5,2026-01-07 20:33:00.000000,2026-01-08 02:37:00.000000,2026-01-23 05:28:00.000000,2026-01-23 10:29:00.000000,Stornirana,12
26,26,4,2026-01-07 23:31:00.000000,2026-01-08 02:50:00.000000,2026-01-15 16:38:00.000000,2026-01-15 23:34:00.000000,Odvezana,12
27,27,5,2026-01-08 06:03:00.000000,2026-01-08 12:42:00.000000,2026-02-04 09:46:00.000000,2026-02-04 09:52:00.000000,Odvezana,18
28,28,2,2026-01-08 06:43:00.000000,2026-01-08 10:53:00.000000,2026-01-12 20:48:00.000000,2026-01-13 00:41:00.000000,Odvezana,12
29,29,3,2026-01-08 17:38:00.000000,2026-01-08 20:27:00.000000,2026-02-02 15:03:00.000000,2026-02-02 20:24:00.000000,Odvezana,12
30,30,2,2026-01-08 20:23:00.000000,2026-01-08 20:39:00.000000,2026-02-02 03:30:00.000000,2026-02-02 07:15:00.000000,Odvezana,5
31,31,2,2026-01-08 07:59:00.000000,2026-01-08 12:09:00.000000,2026-01-11 08:32:00.000000,2026-01-11 14:37:00.000000,Odvezana,12
32,32,3,2026-01-08 05:28:00.000000,2026-01-08 07:43:00.000000,2026-01-28 00:42:00.000000,2026-01-28 04:07:00.000000,Odvezana,12
33,33,4,2026-01-09 23:06:00.000000,2026-01-10 01:53:00.000000,2026-01-25 04:15:00.000000,2026-01-25 06:09:00.000000,Odvezana,19
34,23,2,2026-01-09 02:30:00.000000,2026-01-09 06:54:00.000000,2026-01-27 04:01:00.000000,2026-01-27 06:14:00.000000,Stornirana,8
35,34,3,2026-01-10 03:36:00.000000,2026-01-10 10:26:00.000000,2026-01-16 15:31:00.000000,2026-01-16 21:34:00.000000,Odvezana,12
36,35,3,2026-01-10 18:18:00.000000,2026-01-10 19:06:00.000000,2026-01-26 18:16:00.000000,2026-01-26 19:46:00.000000,Odvezana,13
37,36,4,2026-01-10 20:51:00.000000,2026-01-10 22:01:00.000000,2026-01-26 09:23:00.000000,2026-01-26 14:00:00.000000,Odvezana,12
38,37,4,2026-01-10 12:58:00.000000,2026-01-10 13:57:00.000000,2026-01-20 15:31:00.000000,2026-01-20 16:59:00.000000,Odvezana,12
39,38,5,2026-01-10 15:37:00.000000,2026-01-10 19:19:00.000000,2026-02-06 02:38:00.000000,2026-02-06 04:57:00.000000,Odvezana,7
40,39,3,2026-01-11 20:53:00.000000,2026-01-11 22:10:00.000000,2026-01-18 06:10:00.000000,2026-01-18 10:02:00.000000,Odvezana,20
41,40,3,2026-01-11 06:21:00.000000,2026-01-11 09:05:00.000000,2026-01-19 06:47:00.000000,2026-01-19 12:37:00.000000,Odvezana,21
42,41,4,2026-01-11 11:50:00.000000,2026-01-11 16:08:00.000000,2026-01-27 04:27:00.000000,2026-01-27 10:26:00.000000,Odvezana,12
43,42,5,2026-01-12 01:59:00.000000,2026-01-12 05:37:00.000000,2026-01-21 14:47:00.000000,2026-01-21 18:15:00.000000,Odvezana,22
44,43,2,2026-01-12 08:43:00.000000,2026-01-12 09:10:00.000000,2026-01-16 09:16:00.000000,2026-01-16 15:34:00.000000,Odvezana,23
45,44,4,2026-01-12 04:47:00.000000,2026-01-12 06:39:00.000000,2026-01-16 23:30:00.000000,2026-01-17 04:53:00.000000,Stornirana,5
46,45,3,2026-01-12 03:20:00.000000,2026-01-12 05:09:00.000000,2026-02-10 18:20:00.000000,2026-02-11 00:01:00.000000,Odvezana,24
47,46,2,2026-01-12 08:05:00.000000,2026-01-12 14:40:00.000000,2026-01-29 13:10:00.000000,2026-01-29 18:15:00.000000,Stornirana,12
48,47,3,2026-01-12 02:08:00.000000,2026-01-12 08:21:00.000000,2026-01-26 04:07:00.000000,2026-01-26 09:00:00.000000,Odvezana,12
49,9,2,2026-01-12 21:14:00.000000,2026-01-13 03:26:00.000000,2026-02-11 14:00:00.000000,2026-02-11 19:10:00.000000,Odvezana,8
50,48,2,2026-01-12 09:28:00.000000,2026-01-12 14:26:00.000000,2026-01-13 15:36:00.000000,2026-01-13 21:33:00.000000,Odvezana,12
51,49,4,2026-01-13 18:59:00.000000,2026-01-13 23:06:00.000000,2026-01-16 15:25:00.000000,2026-01-16 18:04:00.000000,Odvezana,25
52,50,3,2026-01-13 08:09:00.000000,2026-01-13 08:45:00.000000,2026-01-20 23:31:00.000000,2026-01-21 03:04:00.000000,Stornirana,12
53,51,4,2026-01-13 22:54:00.000000,2026-01-13 23:22:00.000000,2026-01-16 13:55:00.000000,2026-01-16 19:59:00.000000,Odvezana,5
54,52,3,2026-01-13 10:54:00.000000,2026-01-13 11:41:00.000000,2026-01-15 19:33:00.000000,2026-01-15 21:25:00.000000,Odvezana,12
55,53,4,2026-01-13 11:06:00.000000,2026-01-13 11:24:00.000000,2026-02-08 08:54:00.000000,2026-02-08 11:53:00.000000,Stornirana,8
56,48,3,2026-01-13 17:10:00.000000,2026-01-13 21:50:00.000000,2026-01-18 20:50:00.000000,2026-01-19 00:23:00.000000,Stornirana,12
57,54,3,2026-01-14 16:44:00.000000,2026-01-14 17:31:00.000000,2026-02-02 02:18:00.000000,2026-02-02 07:54:00.000000,Odvezana,12
58,55,5,2026-01-14 14:05:00.000000,2026-01-14 15:25:00.000000,2026-02-07 11:18:00.000000,2026-02-07 18:03:00.000000,Stornirana,26
59,56,4,2026-01-14 20:31:00.000000,2026-01-14 20:52:00.000000,2026-02-03 04:43:00.000000,2026-02-03 11:20:00.000000,Odvezana,12
60,57,3,2026-01-14 02:19:00.000000,2026-01-14 06:45:00.000000,2026-02-04 09:17:00.000000,2026-02-04 15:19:00.000000,Odvezana,5
61,58,4,2026-01-14 18:00:00.000000,2026-01-14 18:57:00.000000,2026-01-22 11:16:00.000000,2026-01-22 12:54:00.000000,Odvezana,27
62,59,3,2026-01-14 13:37:00.000000,2026-01-14 16:21:00.000000,2026-01-26 09:46:00.000000,2026-01-26 10:26:00.000000,Odvezana,12
63,60,3,2026-01-15 11:32:00.000000,2026-01-15 17:43:00.000000,2026-01-24 19:27:00.000000,2026-01-24 20:54:00.000000,Odvezana,12
64,61,5,2026-01-15 22:55:00.000000,2026-01-16 03:41:00.000000,2026-01-20 18:58:00.000000,2026-01-21 00:13:00.000000,Odvezana,28
65,62,4,2026-01-15 20:50:00.000000,2026-01-15 22:42:00.000000,2026-02-07 20:13:00.000000,2026-02-07 22:55:00.000000,Odvezana,12
66,63,4,2026-01-15 19:46:00.000000,2026-01-16 02:45:00.000000,2026-01-29 00:41:00.000000,2026-01-29 03:36:00.000000,Odvezana,29
67,64,5,2026-01-15 14:50:00.000000,2026-01-15 15:25:00.000000,2026-02-02 10:33:00.000000,2026-02-02 13:04:00.000000,Odvezana,30
68,65,2,2026-01-16 10:01:00.000000,2026-01-16 10:40:00.000000,2026-02-13 19:53:00.000000,2026-02-13 20:02:00.000000,Odvezana,28
69,66,5,2026-01-16 14:38:00.000000,2026-01-16 16:04:00.000000,2026-02-06 00:30:00.000000,2026-02-06 02:28:00.000000,Odvezana,21
70,67,5,2026-01-16 11:29:00.000000,2026-01-16 13:53:00.000000,2026-01-22 01:23:00.000000,2026-01-22 02:18:00.000000,Odvezana,5
71,68,5,2026-01-16 03:30:00.000000,2026-01-16 05:49:00.000000,2026-01-24 10:55:00.000000,2026-01-24 16:17:00.000000,Odvezana,31
72,53,5,2026-01-16 13:01:00.000000,2026-01-16 14:05:00.000000,2026-02-12 17:23:00.000000,2026-02-12 18:46:00.000000,Stornirana,8
73,69,5,2026-01-16 07:23:00.000000,2026-01-16 09:59:00.000000,2026-02-02 20:17:00.000000,2026-02-03 02:57:00.000000,Odvezana,32
74,70,3,2026-01-17 03:40:00.000000,2026-01-17 06:11:00.000000,2026-02-02 21:33:00.000000,2026-02-03 03:47:00.000000,Odvezana,12
75,71,5,2026-01-17 10:41:00.000000,2026-01-17 14:17:00.000000,2026-02-13 03:22:00.000000,2026-02-13 08:29:00.000000,Odvezana,33
76,44,5,2026-01-17 14:26:00.000000,2026-01-17 16:41:00.000000,2026-01-28 03:32:00.000000,2026-01-28 07:14:00.000000,Odvezana,5
77,72,2,2026-01-17 13:46:00.000000,2026-01-17 18:39:00.000000,2026-02-10 19:49:00.000000,2026-02-10 20:01:00.000000,Odvezana,18
78,25,3,2026-01-17 19:52:00.000000,2026-01-17 23:58:00.000000,2026-02-09 09:22:00.000000,2026-02-09 14:45:00.000000,Odvezana,12
79,73,2,2026-01-17 02:55:00.000000,2026-01-17 09:24:00.000000,2026-01-25 04:23:00.000000,2026-01-25 04:51:00.000000,Stornirana,12
80,74,4,2026-01-17 17:18:00.000000,2026-01-17 23:36:00.000000,2026-01-24 03:25:00.000000,2026-01-24 04:50:00.000000,Odvezana,12
81,75,3,2026-01-17 17:40:00.000000,2026-01-17 22:15:00.000000,2026-02-11 00:27:00.000000,2026-02-11 01:35:00.000000,Odvezana,34
82,76,2,2026-01-18 20:54:00.000000,2026-01-19 03:10:00.000000,2026-01-21 19:57:00.000000,2026-01-21 21:44:00.000000,Odvezana,5
83,77,4,2026-01-18 07:34:00.000000,2026-01-18 13:06:00.000000,2026-02-08 20:47:00.000000,2026-02-09 01:28:00.000000,Odvezana,20
84,9,5,2026-01-18 08:34:00.000000,2026-01-18 08:59:00.000000,2026-01-27 03:24:00.000000,2026-01-27 06:25:00.000000,Odvezana,8
85,78,4,2026-01-18 01:16:00.000000,2026-01-18 02:02:00.000000,2026-01-25 03:30:00.000000,2026-01-25 05:03:00.000000,Stornirana,12
86,79,4,2026-01-19 16:32:00.000000,2026-01-19 20:57:00.000000,2026-02-19 13:57:00.000000,2026-02-19 14:33:00.000000,Odvezana,12
87,80,2,2026-01-19 10:07:00.000000,2026-01-19 15:20:00.000000,2026-01-24 01:39:00.000000,2026-01-24 06:01:00.000000,Odvezana,12
88,81,2,2026-01-19 10:11:00.000000,2026-01-19 14:09:00.000000,2026-01-24 14:11:00.000000,2026-01-24 19:07:00.000000,Odvezana,12
89,82,5,2026-01-19 07:49:00.000000,2026-01-19 11:06:00.000000,2026-02-18 02:32:00.000000,2026-02-18 06:32:00.000000,Odvezana,12
90,83,3,2026-01-19 17:41:00.000000,2026-01-19 18:08:00.000000,2026-02-01 00:02:00.000000,2026-02-01 04:04:00.000000,Odvezana,12
91,84,3,2026-01-20 22:36:00.000000,2026-01-21 01:51:00.000000,2026-02-10 23:09:00.000000,2026-02-11 05:21:00.000000,Odvezana,7
92,85,2,2026-01-20 18:46:00.000000,2026-01-21 00:58:00.000000,2026-02-02 00:16:00.000000,2026-02-02 04:34:00.000000,Stornirana,7
93,86,3,2026-01-20 14:27:00.000000,2026-01-20 20:51:00.000000,2026-01-25 22:52:00.000000,2026-01-26 03:34:00.000000,Odvezana,35
94,87,3,2026-01-20 04:32:00.000000,2026-01-20 11:23:00.000000,2026-01-26 10:19:00.000000,2026-01-26 15:16:00.000000,Odvezana,7
95,36,3,2026-01-20 13:28:00.000000,2026-01-20 17:59:00.000000,2026-01-30 11:12:00.000000,2026-01-30 13:01:00.000000,Stornirana,12
96,88,4,2026-01-20 01:33:00.000000,2026-01-20 05:15:00.000000,2026-01-30 11:04:00.000000,2026-01-30 16:14:00.000000,Odvezana,28
97,89,4,2026-01-20 03:35:00.000000,2026-01-20 10:23:00.000000,2026-02-12 06:14:00.000000,2026-02-12 06:28:00.000000,Odvezana,12
98,90,2,2026-01-21 16:18:00.000000,2026-01-21 16:57:00.000000,2026-02-21 02:38:00.000000,2026-02-21 05:22:00.000000,Odvezana,16
99,91,4,2026-01-21 15:37:00.000000,2026-01-21 19:14:00.000000,2026-02-14 07:09:00.000000,2026-02-14 11:37:00.000000,Odvezana,12
100,92,2,2026-01-21 19:42:00.000000,2026-01-21 22:43:00.000000,2026-02-16 17:59:00.000000,2026-02-16 20:49:00.000000,Odvezana,28
101,93,5,2026-01-21 03:26:00.000000,2026-01-21 06:36:00.000000,2026-01-23 23:12:00.000000,2026-01-24 04:07:00.000000,Odvezana,12
102,30,3,2026-01-21 09:21:00.000000,2026-01-21 14:42:00.000000,2026-01-26 13:12:00.000000,2026-01-26 17:44:00.000000,Odvezana,5
103,85,4,2026-01-21 22:18:00.000000,2026-01-22 02:44:00.000000,2026-02-22 00:32:00.000000,2026-02-22 03:20:00.000000,Odvezana,7
104,88,3,2026-01-21 04:32:00.000000,2026-01-21 08:17:00.000000,2026-02-13 05:36:00.000000,2026-02-13 11:57:00.000000,Odvezana,16
105,94,3,2026-01-22 15:16:00.000000,2026-01-22 18:45:00.000000,2026-02-14 01:07:00.000000,2026-02-14 04:41:00.000000,Odvezana,8
106,95,2,2026-01-22 07:07:00.000000,2026-01-22 12:38:00.000000,2026-02-15 10:25:00.000000,2026-02-15 13:51:00.000000,Odvezana,12
107,96,3,2026-01-23 03:43:00.000000,2026-01-23 05:29:00.000000,2026-02-08 11:08:00.000000,2026-02-08 13:38:00.000000,Odvezana,12
108,97,5,2026-01-23 19:08:00.000000,2026-01-23 19:58:00.000000,2026-01-26 13:06:00.000000,2026-01-26 18:55:00.000000,Odvezana,12
109,53,3,2026-01-23 16:19:00.000000,2026-01-23 21:16:00.000000,2026-02-12 06:05:00.000000,2026-02-12 11:46:00.000000,Stornirana,8
110,98,5,2026-01-24 18:43:00.000000,2026-01-24 23:55:00.000000,2026-02-08 07:32:00.000000,2026-02-08 09:24:00.000000,Odvezana,28
111,99,5,2026-01-24 00:15:00.000000,2026-01-24 03:25:00.000000,2026-02-03 04:51:00.000000,2026-02-03 07:56:00.000000,Odvezana,36
112,51,2,2026-01-24 09:42:00.000000,2026-01-24 10:44:00.000000,2026-02-03 02:36:00.000000,2026-02-03 05:34:00.000000,Odvezana,5
113,46,5,2026-01-24 17:52:00.000000,2026-01-24 18:55:00.000000,2026-02-05 12:38:00.000000,2026-02-05 18:27:00.000000,Stornirana,12
114,100,5,2026-01-24 15:19:00.000000,2026-01-24 15:50:00.000000,2026-01-29 18:44:00.000000,2026-01-29 23:16:00.000000,Stornirana,12
115,57,3,2026-01-25 06:26:00.000000,2026-01-25 09:31:00.000000,2026-02-09 02:42:00.000000,2026-02-09 03:33:00.000000,Odvezana,5
116,101,3,2026-01-25 18:24:00.000000,2026-01-25 22:24:00.000000,2026-01-30 01:16:00.000000,2026-01-30 02:44:00.000000,Odvezana,37
117,14,4,2026-01-25 06:24:00.000000,2026-01-25 12:15:00.000000,2026-02-23 11:29:00.000000,2026-02-23 12:59:00.000000,Stornirana,12
118,41,5,2026-01-25 15:09:00.000000,2026-01-25 16:10:00.000000,2026-02-09 00:12:00.000000,2026-02-09 04:50:00.000000,Stornirana,12
119,102,5,2026-01-25 12:34:00.000000,2026-01-25 14:03:00.000000,2026-02-02 06:56:00.000000,2026-02-02 12:16:00.000000,Stornirana,12
120,103,3,2026-01-26 03:27:00.000000,2026-01-26 06:36:00.000000,2026-02-25 00:06:00.000000,2026-02-25 05:08:00.000000,Odvezana,38
121,61,3,2026-01-26 12:58:00.000000,2026-01-26 16:33:00.000000,2026-02-21 14:16:00.000000,2026-02-21 20:48:00.000000,Odvezana,16
122,104,3,2026-01-26 04:34:00.000000,2026-01-26 10:58:00.000000,2026-02-12 18:41:00.000000,2026-02-13 01:26:00.000000,Odvezana,12
123,105,3,2026-01-26 09:27:00.000000,2026-01-26 14:02:00.000000,2026-02-14 00:31:00.000000,2026-02-14 01:27:00.000000,Odvezana,28
124,106,2,2026-01-26 05:51:00.000000,2026-01-26 08:29:00.000000,2026-01-29 05:39:00.000000,2026-01-29 10:55:00.000000,Odvezana,12
125,107,3,2026-01-26 02:00:00.000000,2026-01-26 04:17:00.000000,2026-02-17 19:21:00.000000,2026-02-18 00:30:00.000000,Odvezana,12
126,108,5,2026-01-26 07:34:00.000000,2026-01-26 09:56:00.000000,2026-01-28 21:18:00.000000,2026-01-28 23:35:00.000000,Odvezana,12
127,46,3,2026-01-26 18:09:00.000000,2026-01-26 19:59:00.000000,2026-01-30 07:57:00.000000,2026-01-30 11:37:00.000000,Odvezana,12
128,109,4,2026-01-27 02:33:00.000000,2026-01-27 08:45:00.000000,2026-02-13 15:25:00.000000,2026-02-13 18:04:00.000000,Odvezana,12
129,110,3,2026-01-27 15:50:00.000000,2026-01-27 21:13:00.000000,2026-02-02 06:24:00.000000,2026-02-02 11:32:00.000000,Odvezana,18
130,62,2,2026-01-27 01:14:00.000000,2026-01-27 03:24:00.000000,2026-02-19 23:27:00.000000,2026-02-20 00:51:00.000000,Stornirana,12
131,9,4,2026-01-27 03:32:00.000000,2026-01-27 08:55:00.000000,2026-02-26 16:30:00.000000,2026-02-26 20:19:00.000000,Odvezana,8
132,111,4,2026-01-28 16:01:00.000000,2026-01-28 16:27:00.000000,2026-02-13 02:23:00.000000,2026-02-13 05:42:00.000000,Odvezana,12
133,40,4,2026-01-28 12:36:00.000000,2026-01-28 17:02:00.000000,2026-01-31 01:29:00.000000,2026-01-31 07:06:00.000000,Odvezana,21
134,112,5,2026-01-28 01:37:00.000000,2026-01-28 03:26:00.000000,2026-02-17 14:55:00.000000,2026-02-17 18:18:00.000000,Stornirana,12
135,102,4,2026-01-28 14:17:00.000000,2026-01-28 18:29:00.000000,2026-02-14 16:27:00.000000,2026-02-14 17:57:00.000000,Odvezana,12
136,32,4,2026-01-28 08:43:00.000000,2026-01-28 10:55:00.000000,2026-02-07 16:12:00.000000,2026-02-07 22:20:00.000000,Odvezana,12
137,113,3,2026-01-29 09:39:00.000000,2026-01-29 11:15:00.000000,2026-02-11 18:31:00.000000,2026-02-11 22:28:00.000000,Odvezana,39
138,114,2,2026-01-29 03:04:00.000000,2026-01-29 04:41:00.000000,2026-02-17 07:52:00.000000,2026-02-17 11:14:00.000000,Odvezana,21
139,115,3,2026-01-29 23:16:00.000000,2026-01-30 04:27:00.000000,2026-02-23 00:55:00.000000,2026-02-23 03:43:00.000000,Odvezana,12
140,116,4,2026-01-29 10:21:00.000000,2026-01-29 15:09:00.000000,2026-02-24 10:38:00.000000,2026-02-24 15:03:00.000000,Odvezana,12
141,77,5,2026-01-29 14:58:00.000000,2026-01-29 21:35:00.000000,2026-02-02 00:11:00.000000,2026-02-02 01:48:00.000000,Odvezana,20
142,105,3,2026-01-29 03:18:00.000000,2026-01-29 05:20:00.000000,2026-02-24 16:13:00.000000,2026-02-24 16:25:00.000000,Odvezana,16
143,17,5,2026-01-30 21:00:00.000000,2026-01-30 22:48:00.000000,2026-02-10 15:02:00.000000,2026-02-10 20:25:00.000000,Odvezana,12
144,117,3,2026-01-30 02:02:00.000000,2026-01-30 05:33:00.000000,2026-02-07 18:01:00.000000,2026-02-07 21:43:00.000000,Odvezana,40
145,118,4,2026-01-30 10:30:00.000000,2026-01-30 11:42:00.000000,2026-02-12 14:30:00.000000,2026-02-12 16:12:00.000000,Odvezana,12
146,119,2,2026-01-30 15:17:00.000000,2026-01-30 15:41:00.000000,2026-02-04 11:22:00.000000,2026-02-04 14:17:00.000000,Odvezana,5
147,120,5,2026-01-30 00:55:00.000000,2026-01-30 01:17:00.000000,2026-03-01 09:16:00.000000,2026-03-01 12:11:00.000000,Odvezana,41
148,121,4,2026-01-30 13:09:00.000000,2026-01-30 14:16:00.000000,2026-02-11 02:04:00.000000,2026-02-11 05:40:00.000000,Odvezana,7
149,122,5,2026-01-30 09:30:00.000000,2026-01-30 13:31:00.000000,2026-02-03 09:17:00.000000,2026-02-03 15:31:00.000000,Odvezana,3
150,123,3,2026-01-30 13:55:00.000000,2026-01-30 19:32:00.000000,2026-02-01 03:33:00.000000,2026-02-01 10:22:00.000000,Odvezana,28
151,0,3,2026-03-01 16:06:48.724512,2026-03-01 17:35:48.724512,2026-03-17 04:22:48.724512,2026-03-17 04:50:48.724512,nan,0
152,124,3,2026-01-30 02:37:00.000000,2026-01-30 04:54:00.000000,2026-02-09 17:37:00.000000,2026-02-09 23:03:00.000000,Odvezana,5
153,41,5,2026-01-30 09:50:00.000000,2026-01-30 14:42:00.000000,2026-02-19 18:28:00.000000,2026-02-19 23:24:00.000000,Odvezana,12
154,125,5,2026-01-31 22:41:00.000000,2026-02-01 04:54:00.000000,2026-02-28 15:19:00.000000,2026-02-28 21:11:00.000000,Odvezana,37
155,126,4,2026-01-31 13:07:00.000000,2026-01-31 15:45:00.000000,2026-02-14 02:14:00.000000,2026-02-14 02:17:00.000000,Odvezana,7
156,48,4,2026-01-31 07:48:00.000000,2026-01-31 13:38:00.000000,2026-02-04 20:27:00.000000,2026-02-05 02:44:00.000000,Stornirana,12
157,127,2,2026-01-31 01:11:00.000000,2026-01-31 02:09:00.000000,2026-02-20 14:23:00.000000,2026-02-20 16:13:00.000000,Odvezana,5
158,128,2,2026-01-31 18:40:00.000000,2026-01-31 22:05:00.000000,2026-02-04 09:21:00.000000,2026-02-04 11:37:00.000000,Odvezana,42
159,129,5,2026-01-31 22:57:00.000000,2026-02-01 00:15:00.000000,2026-02-02 21:57:00.000000,2026-02-02 22:55:00.000000,Odvezana,43
160,30,5,2026-02-01 12:09:00.000000,2026-02-01 14:07:00.000000,2026-02-21 17:33:00.000000,2026-02-21 19:26:00.000000,Odvezana,5
161,130,4,2026-02-01 01:10:00.000000,2026-02-01 06:53:00.000000,2026-02-17 13:17:00.000000,2026-02-17 16:38:00.000000,Stornirana,12
162,131,5,2026-02-01 20:29:00.000000,2026-02-01 21:16:00.000000,2026-02-05 09:14:00.000000,2026-02-05 10:20:00.000000,Odvezana,44
163,132,4,2026-02-01 06:45:00.000000,2026-02-01 09:49:00.000000,2026-02-17 11:52:00.000000,2026-02-17 12:26:00.000000,Odvezana,7
164,133,5,2026-02-01 13:34:00.000000,2026-02-01 16:32:00.000000,2026-02-19 16:22:00.000000,2026-02-19 20:21:00.000000,Stornirana,12
165,134,5,2026-02-01 21:35:00.000000,2026-02-02 03:54:00.000000,2026-02-14 17:01:00.000000,2026-02-14 21:32:00.000000,Stornirana,12
166,135,5,2026-02-02 21:33:00.000000,2026-02-03 03:36:00.000000,2026-02-23 21:11:00.000000,2026-02-23 21:32:00.000000,Odvezana,45
167,136,4,2026-02-02 22:21:00.000000,2026-02-02 22:44:00.000000,2026-02-14 09:35:00.000000,2026-02-14 16:04:00.000000,Stornirana,18
168,137,5,2026-02-02 14:37:00.000000,2026-02-02 18:52:00.000000,2026-03-02 18:50:00.000000,2026-03-02 20:45:00.000000,Stornirana,21
169,67,5,2026-02-02 00:20:00.000000,2026-02-02 00:23:00.000000,2026-02-05 04:10:00.000000,2026-02-05 04:53:00.000000,Odvezana,5
170,31,5,2026-02-02 19:26:00.000000,2026-02-03 01:26:00.000000,2026-02-04 11:19:00.000000,2026-02-04 16:44:00.000000,Odvezana,12
171,138,5,2026-02-02 08:39:00.000000,2026-02-02 12:51:00.000000,2026-02-03 21:08:00.000000,2026-02-04 00:07:00.000000,Stornirana,12
172,100,2,2026-02-02 01:17:00.000000,2026-02-02 01:50:00.000000,2026-02-24 02:42:00.000000,2026-02-24 05:47:00.000000,Odvezana,12
173,139,4,2026-02-03 22:47:00.000000,2026-02-04 05:35:00.000000,2026-02-08 18:14:00.000000,2026-02-08 21:54:00.000000,Odvezana,46
174,41,5,2026-02-03 07:46:00.000000,2026-02-03 12:49:00.000000,2026-02-23 17:30:00.000000,2026-02-23 19:24:00.000000,Odvezana,12
175,140,4,2026-02-03 11:12:00.000000,2026-02-03 15:12:00.000000,2026-02-23 00:29:00.000000,2026-02-23 02:53:00.000000,Odvezana,12
176,5,2,2026-02-03 10:21:00.000000,2026-02-03 12:51:00.000000,2026-02-24 09:43:00.000000,2026-02-24 15:41:00.000000,Odvezana,5
177,36,4,2026-02-03 11:26:00.000000,2026-02-03 11:47:00.000000,2026-02-08 05:33:00.000000,2026-02-08 07:47:00.000000,Stornirana,12
178,89,2,2026-02-03 12:28:00.000000,2026-02-03 13:17:00.000000,2026-02-19 14:39:00.000000,2026-02-19 19:03:00.000000,Stornirana,12
179,141,4,2026-02-04 02:45:00.000000,2026-02-04 04:38:00.000000,2026-02-21 13:32:00.000000,2026-02-21 14:13:00.000000,Odvezana,15
180,26,2,2026-02-04 05:57:00.000000,2026-02-04 07:02:00.000000,2026-03-03 21:38:00.000000,2026-03-04 01:16:00.000000,Odvezana,12
181,138,3,2026-02-04 19:03:00.000000,2026-02-04 22:08:00.000000,2026-03-03 15:35:00.000000,2026-03-03 18:45:00.000000,Odvezana,12
182,39,3,2026-02-04 16:22:00.000000,2026-02-04 18:22:00.000000,2026-02-13 05:29:00.000000,2026-02-13 07:41:00.000000,Odvezana,20
183,142,2,2026-02-05 20:40:00.000000,2026-02-05 23:17:00.000000,2026-03-08 13:20:00.000000,2026-03-08 14:22:00.000000,Odvezana,1
184,143,5,2026-02-05 07:39:00.000000,2026-02-05 09:12:00.000000,2026-02-27 04:20:00.000000,2026-02-27 04:26:00.000000,Odvezana,18
185,130,5,2026-02-05 08:08:00.000000,2026-02-05 10:24:00.000000,2026-02-27 23:32:00.000000,2026-02-28 03:07:00.000000,Stornirana,12
186,66,5,2026-02-05 21:24:00.000000,2026-02-06 00:57:00.000000,2026-02-25 06:47:00.000000,2026-02-25 08:04:00.000000,Odvezana,21
187,144,3,2026-02-05 16:21:00.000000,2026-02-05 17:34:00.000000,2026-02-14 19:28:00.000000,2026-02-14 23:15:00.000000,Stornirana,8
188,91,5,2026-02-06 12:00:00.000000,2026-02-06 15:06:00.000000,2026-02-27 00:44:00.000000,2026-02-27 04:12:00.000000,Odvezana,12
189,145,4,2026-02-06 00:40:00.000000,2026-02-06 06:44:00.000000,2026-02-19 22:07:00.000000,2026-02-20 03:46:00.000000,Odvezana,12
190,146,4,2026-02-06 07:18:00.000000,2026-02-06 11:24:00.000000,2026-02-10 21:54:00.000000,2026-02-10 22:29:00.000000,Odvezana,12
191,47,3,2026-02-06 15:59:00.000000,2026-02-06 20:22:00.000000,2026-02-18 11:06:00.000000,2026-02-18 13:29:00.000000,Odvezana,12
192,134,4,2026-02-06 06:54:00.000000,2026-02-06 13:27:00.000000,2026-03-07 11:01:00.000000,2026-03-07 15:57:00.000000,Odvezana,12
193,147,2,2026-02-07 07:06:00.000000,2026-02-07 13:39:00.000000,2026-03-10 08:59:00.000000,2026-03-10 09:33:00.000000,Odvezana,13
194,148,4,2026-02-07 14:32:00.000000,2026-02-07 16:19:00.000000,2026-02-28 04:39:00.000000,2026-02-28 07:15:00.000000,Odvezana,28
195,51,4,2026-02-07 16:56:00.000000,2026-02-07 22:28:00.000000,2026-02-21 01:57:00.000000,2026-02-21 06:51:00.000000,Odvezana,5
196,149,5,2026-02-08 20:16:00.000000,2026-02-08 20:43:00.000000,2026-02-27 18:49:00.000000,2026-02-28 00:00:00.000000,Odvezana,47
197,150,5,2026-02-08 11:58:00.000000,2026-02-08 18:50:00.000000,2026-03-02 04:48:00.000000,2026-03-02 05:16:00.000000,Odvezana,28
198,151,4,2026-02-08 12:49:00.000000,2026-02-08 17:23:00.000000,2026-02-21 13:54:00.000000,2026-02-21 16:28:00.000000,Odvezana,48
199,152,2,2026-02-08 22:34:00.000000,2026-02-09 04:44:00.000000,2026-02-23 09:05:00.000000,2026-02-23 15:37:00.000000,Odvezana,13
200,73,4,2026-02-08 09:52:00.000000,2026-02-08 12:42:00.000000,2026-03-03 04:19:00.000000,2026-03-03 09:26:00.000000,Stornirana,12
201,74,4,2026-02-08 05:51:00.000000,2026-02-08 09:59:00.000000,2026-02-26 08:41:00.000000,2026-02-26 11:23:00.000000,Odvezana,12
202,153,3,2026-02-08 00:36:00.000000,2026-02-08 03:23:00.000000,2026-03-02 05:40:00.000000,2026-03-02 09:57:00.000000,Odvezana,49
203,154,4,2026-02-09 17:52:00.000000,2026-02-09 23:48:00.000000,2026-02-11 11:09:00.000000,2026-02-11 13:37:00.000000,Odvezana,50
204,155,2,2026-02-09 21:05:00.000000,2026-02-10 02:15:00.000000,2026-02-19 03:18:00.000000,2026-02-19 06:48:00.000000,Odvezana,51
205,156,5,2026-02-09 10:13:00.000000,2026-02-09 13:28:00.000000,2026-02-18 18:46:00.000000,2026-02-19 01:33:00.000000,Odvezana,43
206,89,3,2026-02-09 10:11:00.000000,2026-02-09 13:55:00.000000,2026-03-02 15:32:00.000000,2026-03-02 18:42:00.000000,Odvezana,12
207,157,2,2026-02-10 17:31:00.000000,2026-02-10 19:44:00.000000,2026-02-23 22:54:00.000000,2026-02-24 01:16:00.000000,Na vezu,28
208,158,5,2026-02-10 13:49:00.000000,2026-02-10 17:28:00.000000,2026-02-16 16:57:00.000000,2026-02-16 23:18:00.000000,Odvezana,30
209,159,2,2026-02-10 01:28:00.000000,2026-02-10 02:32:00.000000,2026-03-09 08:08:00.000000,2026-03-09 14:11:00.000000,Odvezana,18
210,160,3,2026-02-10 10:52:00.000000,2026-02-10 17:39:00.000000,2026-03-05 12:27:00.000000,2026-03-05 14:30:00.000000,Odvezana,7
211,62,3,2026-02-10 23:31:00.000000,2026-02-11 06:08:00.000000,2026-02-25 21:40:00.000000,2026-02-26 01:19:00.000000,Stornirana,12
212,76,2,2026-02-10 10:55:00.000000,2026-02-10 11:28:00.000000,2026-03-05 20:16:00.000000,2026-03-06 00:55:00.000000,Odvezana,5
213,71,3,2026-02-10 09:22:00.000000,2026-02-10 12:01:00.000000,2026-03-10 04:36:00.000000,2026-03-10 07:19:00.000000,Odvezana,28
214,161,3,2026-02-11 13:10:00.000000,2026-02-11 14:32:00.000000,2026-02-19 05:39:00.000000,2026-02-19 09:46:00.000000,Odvezana,12
215,125,4,2026-02-11 10:06:00.000000,2026-02-11 13:47:00.000000,2026-02-23 17:00:00.000000,2026-02-23 18:16:00.000000,Odvezana,7
216,162,4,2026-02-11 07:37:00.000000,2026-02-11 09:41:00.000000,2026-03-03 09:57:00.000000,2026-03-03 12:00:00.000000,Stornirana,28
217,36,5,2026-02-11 02:17:00.000000,2026-02-11 07:56:00.000000,2026-03-04 22:41:00.000000,2026-03-05 01:36:00.000000,Odvezana,12
218,163,4,2026-02-11 20:22:00.000000,2026-02-11 23:08:00.000000,2026-02-13 10:02:00.000000,2026-02-13 14:22:00.000000,Odvezana,12
219,144,5,2026-02-11 02:54:00.000000,2026-02-11 07:54:00.000000,2026-03-05 23:49:00.000000,2026-03-06 01:01:00.000000,Stornirana,8
220,52,5,2026-02-11 17:39:00.000000,2026-02-11 23:41:00.000000,2026-03-07 20:31:00.000000,2026-03-07 22:16:00.000000,Odvezana,12
221,108,5,2026-02-11 02:14:00.000000,2026-02-11 05:44:00.000000,2026-02-23 00:56:00.000000,2026-02-23 02:37:00.000000,Stornirana,12
222,70,4,2026-02-11 23:40:00.000000,2026-02-12 01:03:00.000000,2026-03-13 01:16:00.000000,2026-03-13 07:06:00.000000,Odvezana,12
223,30,5,2026-02-12 07:19:00.000000,2026-02-12 09:03:00.000000,2026-02-25 01:36:00.000000,2026-02-25 06:53:00.000000,Odvezana,5
224,164,4,2026-02-12 23:40:00.000000,2026-02-13 06:18:00.000000,2026-03-09 07:10:00.000000,2026-03-09 09:47:00.000000,Odvezana,3
225,165,4,2026-02-12 02:21:00.000000,2026-02-12 04:09:00.000000,2026-03-01 10:02:00.000000,2026-03-01 16:09:00.000000,Odvezana,12
226,40,4,2026-02-12 14:49:00.000000,2026-02-12 20:17:00.000000,2026-02-25 06:03:00.000000,2026-02-25 11:47:00.000000,Odvezana,21
227,166,5,2026-02-12 17:21:00.000000,2026-02-12 18:34:00.000000,2026-02-23 19:09:00.000000,2026-02-23 19:27:00.000000,Na vezu,10
228,167,2,2026-02-12 20:40:00.000000,2026-02-12 23:54:00.000000,2026-03-02 01:09:00.000000,2026-03-02 02:36:00.000000,Odvezana,7
229,73,5,2026-02-12 11:59:00.000000,2026-02-12 15:04:00.000000,2026-02-19 14:14:00.000000,2026-02-19 18:17:00.000000,Stornirana,12
230,79,3,2026-02-12 16:14:00.000000,2026-02-12 20:10:00.000000,2026-03-05 14:55:00.000000,2026-03-05 16:52:00.000000,Odvezana,12
231,25,4,2026-02-12 13:03:00.000000,2026-02-12 14:36:00.000000,2026-03-08 14:51:00.000000,2026-03-08 19:07:00.000000,Odvezana,12
232,83,3,2026-02-12 15:08:00.000000,2026-02-12 18:34:00.000000,2026-02-20 12:51:00.000000,2026-02-20 13:30:00.000000,Odvezana,12
233,168,3,2026-02-13 12:27:00.000000,2026-02-13 16:00:00.000000,2026-02-19 07:37:00.000000,2026-02-19 12:25:00.000000,Odvezana,3
234,169,5,2026-02-13 04:39:00.000000,2026-02-13 06:14:00.000000,2026-03-15 20:07:00.000000,2026-03-16 00:14:00.000000,Odvezana,12
235,170,5,2026-02-13 03:11:00.000000,2026-02-13 06:01:00.000000,2026-03-08 10:18:00.000000,2026-03-08 12:50:00.000000,Na vezu,13
236,171,3,2026-02-13 06:09:00.000000,2026-02-13 12:17:00.000000,2026-03-13 18:39:00.000000,2026-03-14 00:10:00.000000,Odvezana,16
237,172,4,2026-02-14 19:02:00.000000,2026-02-14 22:23:00.000000,2026-03-04 05:57:00.000000,2026-03-04 12:04:00.000000,Odvezana,5
238,173,3,2026-02-14 06:53:00.000000,2026-02-14 12:29:00.000000,2026-03-09 17:07:00.000000,2026-03-09 21:51:00.000000,Odvezana,12
239,174,5,2026-02-14 19:58:00.000000,2026-02-14 23:53:00.000000,2026-02-23 11:27:00.000000,2026-02-23 15:11:00.000000,Odvezana,21
240,175,3,2026-02-14 01:16:00.000000,2026-02-14 04:16:00.000000,2026-03-02 04:49:00.000000,2026-03-02 06:10:00.000000,Odvezana,5
241,59,5,2026-02-14 11:39:00.000000,2026-02-14 11:48:00.000000,2026-03-01 22:14:00.000000,2026-03-02 03:01:00.000000,Stornirana,12
242,67,5,2026-02-15 02:20:00.000000,2026-02-15 08:25:00.000000,2026-03-05 03:10:00.000000,2026-03-05 06:15:00.000000,Odvezana,5
243,8,5,2026-02-15 06:00:00.000000,2026-02-15 09:37:00.000000,2026-03-08 21:00:00.000000,2026-03-08 23:09:00.000000,Odvezana,7
244,176,2,2026-02-16 16:05:00.000000,2026-02-16 17:11:00.000000,2026-03-07 01:31:00.000000,2026-03-07 03:22:00.000000,Odvezana,36
245,177,2,2026-02-16 12:15:00.000000,2026-02-16 16:32:00.000000,2026-02-20 05:47:00.000000,2026-02-20 11:09:00.000000,Odvezana,12
246,178,5,2026-02-16 23:26:00.000000,2026-02-17 02:01:00.000000,2026-03-03 01:00:00.000000,2026-03-03 01:48:00.000000,Odvezana,15
247,179,5,2026-02-16 12:33:00.000000,2026-02-16 18:51:00.000000,2026-03-15 01:58:00.000000,2026-03-15 04:54:00.000000,Odvezana,36
248,14,2,2026-02-16 18:55:00.000000,2026-02-16 23:04:00.000000,2026-02-27 14:37:00.000000,2026-02-27 17:51:00.000000,Odvezana,12
249,180,1,2026-02-16 08:45:00.000000,2026-02-16 10:41:00.000000,2026-03-12 12:40:00.000000,2026-03-12 17:58:00.000000,Na sidru,52
250,107,5,2026-02-16 11:11:00.000000,2026-02-16 12:22:00.000000,2026-03-13 13:00:00.000000,2026-03-13 14:04:00.000000,Odvezana,12
251,181,4,2026-02-17 23:33:00.000000,2026-02-18 05:32:00.000000,2026-02-24 15:28:00.000000,2026-02-24 15:29:00.000000,Odvezana,16
252,62,4,2026-02-17 07:21:00.000000,2026-02-17 12:31:00.000000,2026-02-21 15:43:00.000000,2026-02-21 20:08:00.000000,Odvezana,12
253,36,2,2026-02-17 21:40:00.000000,2026-02-18 02:45:00.000000,2026-03-17 09:33:00.000000,2026-03-17 11:47:00.000000,Stornirana,12
254,91,2,2026-02-17 18:43:00.000000,2026-02-18 01:08:00.000000,2026-02-26 03:23:00.000000,2026-02-26 03:38:00.000000,Stornirana,12
255,48,5,2026-02-17 07:32:00.000000,2026-02-17 12:53:00.000000,2026-03-17 19:54:00.000000,2026-03-17 22:50:00.000000,Stornirana,12
256,182,5,2026-02-17 15:31:00.000000,2026-02-17 15:52:00.000000,2026-02-18 18:33:00.000000,2026-02-18 22:17:00.000000,Stornirana,8
257,88,2,2026-02-17 16:51:00.000000,2026-02-17 18:59:00.000000,2026-03-02 08:51:00.000000,2026-03-02 15:11:00.000000,Odvezana,16
258,183,5,2026-02-17 05:37:00.000000,2026-02-17 05:54:00.000000,2026-03-10 09:17:00.000000,2026-03-10 15:20:00.000000,Odvezana,12
259,184,3,2026-02-18 21:31:00.000000,2026-02-19 02:55:00.000000,2026-02-23 00:08:00.000000,2026-02-23 04:14:00.000000,Na vezu,50
260,116,5,2026-02-18 14:07:00.000000,2026-02-18 18:02:00.000000,2026-03-08 04:34:00.000000,2026-03-08 07:20:00.000000,Odvezana,12
261,185,4,2026-02-19 18:00:00.000000,2026-02-19 18:54:00.000000,2026-03-08 06:13:00.000000,2026-03-08 10:40:00.000000,Odvezana,12
262,186,3,2026-02-19 23:42:00.000000,2026-02-20 06:34:00.000000,2026-03-23 00:15:00.000000,2026-03-23 02:54:00.000000,Odvezana,12
263,41,5,2026-02-19 12:03:00.000000,2026-02-19 17:45:00.000000,2026-03-13 08:06:00.000000,2026-03-13 09:22:00.000000,Odvezana,12
264,187,4,2026-02-20 19:56:00.000000,2026-02-20 23:52:00.000000,2026-03-08 14:42:00.000000,2026-03-08 14:48:00.000000,Odvezana,7
265,61,3,2026-02-20 08:56:00.000000,2026-02-20 15:39:00.000000,2026-02-25 07:29:00.000000,2026-02-25 12:46:00.000000,Na vezu,16
266,134,5,2026-02-20 19:31:00.000000,2026-02-20 20:24:00.000000,2026-02-25 04:16:00.000000,2026-02-25 06:43:00.000000,Stornirana,12
267,188,5,2026-02-20 16:20:00.000000,2026-02-20 22:30:00.000000,2026-03-10 12:50:00.000000,2026-03-10 13:00:00.000000,Stornirana,8
268,189,5,2026-02-21 05:50:00.000000,2026-02-21 12:03:00.000000,2026-03-21 06:48:00.000000,2026-03-21 10:35:00.000000,Na vezu,40
269,190,1,2026-02-21 11:42:00.000000,2026-02-21 16:04:00.000000,2026-03-05 04:39:00.000000,2026-03-05 04:55:00.000000,Na sidru,53
270,51,3,2026-02-21 18:41:00.000000,2026-02-21 20:42:00.000000,2026-03-18 05:38:00.000000,2026-03-18 09:28:00.000000,Odvezana,5
271,191,1,2026-02-21 02:53:00.000000,2026-02-21 05:31:00.000000,2026-03-03 20:24:00.000000,2026-03-03 22:33:00.000000,Na sidru,16
272,192,1,2026-02-22 03:32:00.000000,2026-02-22 09:50:00.000000,2026-03-06 13:13:00.000000,2026-03-06 18:48:00.000000,Na sidru,28
273,66,4,2026-02-22 13:50:00.000000,2026-02-22 14:19:00.000000,2026-03-17 03:53:00.000000,2026-03-17 06:00:00.000000,Odvezana,21
274,193,4,2026-02-22 11:06:00.000000,2026-02-22 12:16:00.000000,2026-03-03 09:59:00.000000,2026-03-03 14:42:00.000000,Najavljena,12
275,101,2,2026-02-22 21:57:00.000000,2026-02-23 02:06:00.000000,2026-03-26 00:17:00.000000,2026-03-26 03:20:00.000000,Na vezu,7
276,194,3,2026-02-22 03:52:00.000000,2026-02-22 08:31:00.000000,2026-03-16 20:40:00.000000,2026-03-16 20:58:00.000000,Stornirana,12
277,89,3,2026-02-22 16:56:00.000000,2026-02-22 18:30:00.000000,2026-02-25 04:19:00.000000,2026-02-25 05:11:00.000000,Stornirana,12
278,195,1,2026-02-23 15:35:00.000000,2026-02-23 19:51:00.000000,2026-02-28 10:28:00.000000,2026-02-28 14:58:00.000000,Na sidru,16
279,196,1,2026-02-23 21:52:00.000000,2026-02-23 22:45:00.000000,2026-03-06 08:20:00.000000,2026-03-06 12:14:00.000000,Na sidru,39
280,197,1,2026-02-23 10:27:00.000000,2026-02-23 15:20:00.000000,2026-03-06 23:16:00.000000,2026-03-07 05:20:00.000000,Na sidru,28
281,198,1,2026-02-23 19:13:00.000000,2026-02-24 00:46:00.000000,2026-02-25 17:31:00.000000,2026-02-25 18:09:00.000000,Na sidru,20
282,199,2,2026-02-23 17:35:00.000000,2026-02-23 23:26:00.000000,2026-03-02 05:29:00.000000,2026-03-02 09:59:00.000000,Na vezu,5
283,200,2,2026-02-23 13:48:00.000000,2026-02-23 19:07:00.000000,2026-03-09 09:23:00.000000,2026-03-09 12:47:00.000000,Na vezu,3
284,201,5,2026-02-23 15:10:00.000000,2026-02-23 21:38:00.000000,2026-03-03 19:17:00.000000,2026-03-03 23:22:00.000000,Na vezu,12
285,202,2,2026-02-23 23:24:00.000000,2026-02-24 04:34:00.000000,2026-02-27 23:23:00.000000,2026-02-28 02:06:00.000000,Na vezu,14
286,203,3,2026-02-23 07:52:00.000000,2026-02-23 13:17:00.000000,2026-03-22 13:18:00.000000,2026-03-22 18:35:00.000000,Odvezana,44
287,102,3,2026-02-23 21:15:00.000000,2026-02-24 02:19:00.000000,2026-03-23 10:33:00.000000,2026-03-23 11:52:00.000000,Najavljena,12
288,182,4,2026-02-23 19:04:00.000000,2026-02-23 23:16:00.000000,2026-03-13 04:30:00.000000,2026-03-13 06:35:00.000000,Stornirana,8
289,134,3,2026-02-23 00:01:00.000000,2026-02-23 02:45:00.000000,2026-03-25 10:48:00.000000,2026-03-25 13:08:00.000000,Na vezu,12
